Position_ini,Position_fin,KaKs,p
16,30,1.0036,0
31,45,9.17271,0
331,345,50,0
346,360,50,0
631,645,50,0
691,705,50,0
796,810,50,0
871,885,23.0084,0
931,945,50,0
1036,1050,50,0
1111,1125,50,0
1171,1185,50,0
1186,1200,50,0
1201,1215,50,0
1231,1245,7.63963,0
